schema_version,is_mock,evidence_level,pdb_id,chain_id,subtype,state,full_scaffold_length,coordinate_length,original_msa_sequences,original_msa_columns,original_msa_columns_preserved,query_only_msa_insertions,mapped_coordinate_positions,unresolved_positions,mapping_confidence_counts,mapping_status_counts,unmapped_or_review_reason_counts,high_confidence_coverage,four_layer_exact_coverage,conservation_constraint_eligible_positions,minimum_conservation_coverage,accepted_substitution_positions_1,conservation_gate_status,coordinate_mapping_strategy,mafft_command,inputs,claim_scope,scaffold_id,RNA_contact_positions,RNA_second_shell_positions,protein_core_positions,manual_review_positions
1.0,False,0,6E9E,A,VI-D,binary,954,863,182,3524,True,0,863,91,"{'high': 863, 'medium': 91}","{'four_layer_exact': 863, 'full_msa_only_unresolved_coordinate': 91}","{'scaffold_differs_from_msa_consensus': 497, 'unresolved_internal': 30, 'unresolved_terminal': 61}",0.9046121593291404,0.9046121593291404,713,0.8,[],passed,validated_author_residue_number,"['/home/junpeng/ESM-IF/.tools/envs/bioinformatics/bin/mafft', '--quiet', '--thread', '16', '--addfull', '/tmp/cas13-if-vi-d-map-0eg3ycpz/scaffold.fasta', '/home/junpeng/ESM-IF/data/processed/atlas/v1.0/msa/vi-d/alignment.fasta']","{'/home/junpeng/ESM-IF/data/experimental_structures/6e9e.cif': '7ab4f81b4d469ca1d6636d831727cfff267919a57a39ca454875cd965d88dc9e', '/home/junpeng/ESM-IF/data/experimental_structures/6e9e.entity_2.json': 'ab19a379ac06217977eb8244578f06adefc3640c498015bda10335690d6906c3', '/home/junpeng/ESM-IF/data/processed/atlas/v1.0/msa/vi-d/alignment.fasta': 'c55bd8cdb0a53b80070bb191cf2d48834b23cde2d346ec5d84d1b4bb77bcd1b2', '/home/junpeng/ESM-IF/data/processed/atlas/v1.0/conservation/vi-d.parquet': 'bb1620f95f0a3b9eba988c170eae64c528213e40de9fe071e22f7c8d127de58b'}",Level 0 coordinate-system audit. Conservation eligibility does not establish function or wet-lab validity.,EsCas13d,137,132,478,530
1.0,False,0,6E9F,A,VI-D,ternary,954,864,182,3524,True,0,864,90,"{'high': 864, 'medium': 90}","{'four_layer_exact': 860, 'four_layer_literature_restored_substitution': 4, 'full_msa_only_unresolved_coordinate': 90}","{'literature_confirmed_construct_substitution': 4, 'scaffold_differs_from_msa_consensus': 497, 'unresolved_internal': 29, 'unresolved_terminal': 61}",0.9056603773584906,0.9014675052410901,712,0.8,"[295, 300, 849, 854]",passed,validated_author_residue_number,"['/home/junpeng/ESM-IF/.tools/envs/bioinformatics/bin/mafft', '--quiet', '--thread', '16', '--addfull', '/tmp/cas13-if-vi-d-map-xb5z3qnk/scaffold.fasta', '/home/junpeng/ESM-IF/data/processed/atlas/v1.0/msa/vi-d/alignment.fasta']","{'/home/junpeng/ESM-IF/data/experimental_structures/6e9f.cif': 'd74f62fc44db2f9f729c9bbb8ec502463b00d9fa63635259660b46a74e938c68', '/home/junpeng/ESM-IF/data/experimental_structures/6e9f.entity_1.json': '30d7c76d734ce2504fe3b8281218149310d6e4efd32d9b4e7c90adecaeb5a5e9', '/home/junpeng/ESM-IF/data/processed/atlas/v1.0/msa/vi-d/alignment.fasta': 'c55bd8cdb0a53b80070bb191cf2d48834b23cde2d346ec5d84d1b4bb77bcd1b2', '/home/junpeng/ESM-IF/data/processed/atlas/v1.0/conservation/vi-d.parquet': 'bb1620f95f0a3b9eba988c170eae64c528213e40de9fe071e22f7c8d127de58b'}",Level 0 coordinate-system audit. Conservation eligibility does not establish function or wet-lab validity.,EsCas13d,128,135,506,532
1.0,False,0,6IV9,A,VI-D,binary,922,874,182,3524,True,3,874,48,"{'high': 871, 'low': 3, 'medium': 48}","{'four_layer_exact': 869, 'four_layer_literature_restored_substitution': 2, 'full_msa_only_unresolved_coordinate': 48, 'review_required': 3}","{'literature_confirmed_construct_substitution': 2, 'query_only_insertion': 3, 'scaffold_differs_from_msa_consensus': 447, 'unresolved_terminal': 48}",0.9446854663774403,0.9425162689804772,708,0.8,"[288, 823]",passed,validated_author_residue_number,"['/home/junpeng/ESM-IF/.tools/envs/bioinformatics/bin/mafft', '--quiet', '--thread', '16', '--addfull', '/tmp/cas13-if-vi-d-map-x4xpptdo/scaffold.fasta', '/home/junpeng/ESM-IF/data/processed/atlas/v1.0/msa/vi-d/alignment.fasta']","{'/home/junpeng/ESM-IF/data/experimental_structures/6iv9.cif': 'a69899c4b4bf83b60b1d0eb821da7c9c7152b2586fd9306707164229817aba86', '/home/junpeng/ESM-IF/data/experimental_structures/6iv9.entity_1.json': 'e19886dda212b68ac39cb0ae2f5b4d5231da8d01dd8b37e52412311775aa31e8', '/home/junpeng/ESM-IF/data/processed/atlas/v1.0/msa/vi-d/alignment.fasta': 'c55bd8cdb0a53b80070bb191cf2d48834b23cde2d346ec5d84d1b4bb77bcd1b2', '/home/junpeng/ESM-IF/data/processed/atlas/v1.0/conservation/vi-d.parquet': 'bb1620f95f0a3b9eba988c170eae64c528213e40de9fe071e22f7c8d127de58b'}",Level 0 coordinate-system audit. Conservation eligibility does not establish function or wet-lab validity.,UrCas13d,127,145,579,467
1.0,False,0,9M38,A,VI-D,apo,877,716,182,3524,True,0,716,161,"{'high': 716, 'medium': 161}","{'four_layer_exact': 712, 'four_layer_literature_restored_substitution': 4, 'full_msa_only_unresolved_coordinate': 161}","{'literature_confirmed_construct_substitution': 4, 'scaffold_differs_from_msa_consensus': 436, 'unresolved_internal': 59, 'unresolved_terminal': 102}",0.8164196123147093,0.8118586088939567,622,0.8,"[218, 223, 772, 777]",passed,validated_author_residue_number,"['/home/junpeng/ESM-IF/.tools/envs/bioinformatics/bin/mafft', '--quiet', '--thread', '16', '--addfull', '/tmp/cas13-if-vi-d-map-z129mj7q/scaffold.fasta', '/home/junpeng/ESM-IF/data/processed/atlas/v1.0/msa/vi-d/alignment.fasta']","{'/home/junpeng/ESM-IF/data/experimental_structures/9m38.cif': '6be9704eacdc4787ba8f0d5e8c51b2fb448e17338ad9550ee00d26b2dc401807', '/home/junpeng/ESM-IF/data/experimental_structures/9m38.entity_1.json': 'b560fc76862cffd28b99f3fce544f8e6fef1145e36514bf441cc00e5fc7c563f', '/home/junpeng/ESM-IF/data/processed/atlas/v1.0/msa/vi-d/alignment.fasta': 'c55bd8cdb0a53b80070bb191cf2d48834b23cde2d346ec5d84d1b4bb77bcd1b2', '/home/junpeng/ESM-IF/data/processed/atlas/v1.0/conservation/vi-d.parquet': 'bb1620f95f0a3b9eba988c170eae64c528213e40de9fe071e22f7c8d127de58b'}",Level 0 coordinate-system audit. Conservation eligibility does not establish function or wet-lab validity.,DjCas13d,0,0,324,511
1.0,False,0,9M30,A,VI-D,binary,877,844,182,3524,True,0,844,33,"{'high': 844, 'medium': 33}","{'four_layer_exact': 840, 'four_layer_literature_restored_substitution': 4, 'full_msa_only_unresolved_coordinate': 33}","{'literature_confirmed_construct_substitution': 4, 'scaffold_differs_from_msa_consensus': 436, 'unresolved_internal': 28, 'unresolved_terminal': 5}",0.9623717217787914,0.9578107183580388,702,0.8,"[218, 223, 772, 777]",passed,validated_author_residue_number,"['/home/junpeng/ESM-IF/.tools/envs/bioinformatics/bin/mafft', '--quiet', '--thread', '16', '--addfull', '/tmp/cas13-if-vi-d-map-00hirezl/scaffold.fasta', '/home/junpeng/ESM-IF/data/processed/atlas/v1.0/msa/vi-d/alignment.fasta']","{'/home/junpeng/ESM-IF/data/experimental_structures/9m30.cif': 'd9ad1b7d7d9e3de982e837f57ddd77ed2ccc16492e8e18c037491ec12b154907', '/home/junpeng/ESM-IF/data/experimental_structures/9m30.entity_1.json': '13e91df22a4b39b78089cfe2081a22fc97e6ec3aafd3cba54460788172c08f36', '/home/junpeng/ESM-IF/data/processed/atlas/v1.0/msa/vi-d/alignment.fasta': 'c55bd8cdb0a53b80070bb191cf2d48834b23cde2d346ec5d84d1b4bb77bcd1b2', '/home/junpeng/ESM-IF/data/processed/atlas/v1.0/conservation/vi-d.parquet': 'bb1620f95f0a3b9eba988c170eae64c528213e40de9fe071e22f7c8d127de58b'}",Level 0 coordinate-system audit. Conservation eligibility does not establish function or wet-lab validity.,DjCas13d,134,130,441,454
1.0,False,0,9M33,A,VI-D,ternary_tr1,877,750,182,3524,True,0,750,127,"{'high': 750, 'medium': 127}","{'four_layer_exact': 746, 'four_layer_literature_restored_substitution': 4, 'full_msa_only_unresolved_coordinate': 127}","{'literature_confirmed_construct_substitution': 4, 'scaffold_differs_from_msa_consensus': 436, 'unresolved_internal': 37, 'unresolved_terminal': 90}",0.855188141391106,0.8506271379703535,634,0.8,"[218, 223, 772, 777]",passed,validated_author_residue_number,"['/home/junpeng/ESM-IF/.tools/envs/bioinformatics/bin/mafft', '--quiet', '--thread', '16', '--addfull', '/tmp/cas13-if-vi-d-map-39qutxes/scaffold.fasta', '/home/junpeng/ESM-IF/data/processed/atlas/v1.0/msa/vi-d/alignment.fasta']","{'/home/junpeng/ESM-IF/data/experimental_structures/9m33.cif': '43cc959199a4db02a644288b0baff75ff709d1d6a5b9b1c7ec1cba4f84f4cbdd', '/home/junpeng/ESM-IF/data/experimental_structures/9m33.entity_1.json': '6387217eb9de7746129f914c0cb680c9d452ee96f8a7fa850bfb1eb77ba87187', '/home/junpeng/ESM-IF/data/processed/atlas/v1.0/msa/vi-d/alignment.fasta': 'c55bd8cdb0a53b80070bb191cf2d48834b23cde2d346ec5d84d1b4bb77bcd1b2', '/home/junpeng/ESM-IF/data/processed/atlas/v1.0/conservation/vi-d.parquet': 'bb1620f95f0a3b9eba988c170eae64c528213e40de9fe071e22f7c8d127de58b'}",Level 0 coordinate-system audit. Conservation eligibility does not establish function or wet-lab validity.,DjCas13d,67,85,363,498
1.0,False,0,9M34,A,VI-D,ternary_tr2,877,750,182,3524,True,0,750,127,"{'high': 750, 'medium': 127}","{'four_layer_exact': 746, 'four_layer_literature_restored_substitution': 4, 'full_msa_only_unresolved_coordinate': 127}","{'literature_confirmed_construct_substitution': 4, 'scaffold_differs_from_msa_consensus': 436, 'unresolved_internal': 37, 'unresolved_terminal': 90}",0.855188141391106,0.8506271379703535,634,0.8,"[218, 223, 772, 777]",passed,validated_author_residue_number,"['/home/junpeng/ESM-IF/.tools/envs/bioinformatics/bin/mafft', '--quiet', '--thread', '16', '--addfull', '/tmp/cas13-if-vi-d-map-wjhaqm_m/scaffold.fasta', '/home/junpeng/ESM-IF/data/processed/atlas/v1.0/msa/vi-d/alignment.fasta']","{'/home/junpeng/ESM-IF/data/experimental_structures/9m34.cif': 'b1755a5e563c7696a5820be724e0164199d06371353966a860e514bf4eeb7df2', '/home/junpeng/ESM-IF/data/experimental_structures/9m34.entity_1.json': 'cfdb02364a082d76a09b51c4841376a66dd54f217a4e2ac4953fc11155f59401', '/home/junpeng/ESM-IF/data/processed/atlas/v1.0/msa/vi-d/alignment.fasta': 'c55bd8cdb0a53b80070bb191cf2d48834b23cde2d346ec5d84d1b4bb77bcd1b2', '/home/junpeng/ESM-IF/data/processed/atlas/v1.0/conservation/vi-d.parquet': 'bb1620f95f0a3b9eba988c170eae64c528213e40de9fe071e22f7c8d127de58b'}",Level 0 coordinate-system audit. Conservation eligibility does not establish function or wet-lab validity.,DjCas13d,59,85,366,498
1.0,False,0,9M31,A,VI-D,binary,967,945,182,3524,True,0,945,22,"{'high': 945, 'medium': 22}","{'four_layer_exact': 941, 'four_layer_literature_restored_substitution': 4, 'full_msa_only_unresolved_coordinate': 22}","{'literature_confirmed_construct_substitution': 4, 'scaffold_differs_from_msa_consensus': 514, 'unresolved_internal': 7, 'unresolved_terminal': 15}",0.9772492244053774,0.9731127197518097,698,0.8,"[239, 244, 858, 863]",passed,validated_author_residue_number,"['/home/junpeng/ESM-IF/.tools/envs/bioinformatics/bin/mafft', '--quiet', '--thread', '16', '--addfull', '/tmp/cas13-if-vi-d-map-v3dpdpcp/scaffold.fasta', '/home/junpeng/ESM-IF/data/processed/atlas/v1.0/msa/vi-d/alignment.fasta']","{'/home/junpeng/ESM-IF/data/experimental_structures/9m31.cif': 'c9096be2ac4b2d76a16692dc4767637089ee5e8f33bb4230c5b355171830b782', '/home/junpeng/ESM-IF/data/experimental_structures/9m31.entity_1.json': '0a613485e9f8c8fc76651310a02c4b589f8813c22661b3eb3f61b7614b55b0f4', '/home/junpeng/ESM-IF/data/processed/atlas/v1.0/msa/vi-d/alignment.fasta': 'c55bd8cdb0a53b80070bb191cf2d48834b23cde2d346ec5d84d1b4bb77bcd1b2', '/home/junpeng/ESM-IF/data/processed/atlas/v1.0/conservation/vi-d.parquet': 'bb1620f95f0a3b9eba988c170eae64c528213e40de9fe071e22f7c8d127de58b'}",Level 0 coordinate-system audit. Conservation eligibility does not establish function or wet-lab validity.,CasRx,152,164,502,528
1.0,False,0,9M8Q,A,VI-D,ternary,967,904,182,3524,True,0,904,63,"{'high': 904, 'medium': 63}","{'four_layer_exact': 900, 'four_layer_literature_restored_substitution': 4, 'full_msa_only_unresolved_coordinate': 63}","{'literature_confirmed_construct_substitution': 4, 'scaffold_differs_from_msa_consensus': 514, 'unresolved_internal': 46, 'unresolved_terminal': 17}",0.9348500517063082,0.9307135470527405,680,0.8,"[239, 244, 858, 863]",passed,validated_author_residue_number,"['/home/junpeng/ESM-IF/.tools/envs/bioinformatics/bin/mafft', '--quiet', '--thread', '16', '--addfull', '/tmp/cas13-if-vi-d-map-9hu3l2v8/scaffold.fasta', '/home/junpeng/ESM-IF/data/processed/atlas/v1.0/msa/vi-d/alignment.fasta']","{'/home/junpeng/ESM-IF/data/experimental_structures/9m8q.cif': 'b3ac2c6b274dbdf92653f0d8f8fe8924660fa393810bfe50a5373a3879f74399', '/home/junpeng/ESM-IF/data/experimental_structures/9m8q.entity_1.json': '90ba2a5946cef00dc7e33fcacfcf3d379b660ae5b9ed535ce3dc0ca35fd252e0', '/home/junpeng/ESM-IF/data/processed/atlas/v1.0/msa/vi-d/alignment.fasta': 'c55bd8cdb0a53b80070bb191cf2d48834b23cde2d346ec5d84d1b4bb77bcd1b2', '/home/junpeng/ESM-IF/data/processed/atlas/v1.0/conservation/vi-d.parquet': 'bb1620f95f0a3b9eba988c170eae64c528213e40de9fe071e22f7c8d127de58b'}",Level 0 coordinate-system audit. Conservation eligibility does not establish function or wet-lab validity.,CasRx,121,144,451,540
