checkpoint_sha256,conditional_log_likelihood,device,evidence_level,is_mock,job_id,mean_log_likelihood_per_resolved_residue,pdb_id,perplexity,resolved_positions,scaffold_id,state
be4ba36edec22a9bfaa4946ff6b2815f1f19d8a3d7e0eada8b796d5a0eae9fd4,-1924.7208255685146,cuda,2,False,native-EsCas13d-6E9E,-2.2302674687931803,6E9E,9.302353836124405,863,EsCas13d,binary
be4ba36edec22a9bfaa4946ff6b2815f1f19d8a3d7e0eada8b796d5a0eae9fd4,-1816.0297977062291,cuda,2,False,native-EsCas13d-6E9F,-2.1018863399377654,6E9F,8.18158862290485,864,EsCas13d,ternary
be4ba36edec22a9bfaa4946ff6b2815f1f19d8a3d7e0eada8b796d5a0eae9fd4,-2085.3908112940335,cuda,2,False,native-UrCas13d-6IV9,-2.386030676537796,6IV9,10.87026061577302,874,UrCas13d,binary
be4ba36edec22a9bfaa4946ff6b2815f1f19d8a3d7e0eada8b796d5a0eae9fd4,-1607.2273719133082,cuda,2,False,native-DjCas13d-9M38,-2.244730966359369,9M38,9.437876108707885,716,DjCas13d,apo
be4ba36edec22a9bfaa4946ff6b2815f1f19d8a3d7e0eada8b796d5a0eae9fd4,-2009.244490580426,cuda,2,False,native-DjCas13d-9M30,-2.3806214343369976,9M30,10.811619488333193,844,DjCas13d,binary
be4ba36edec22a9bfaa4946ff6b2815f1f19d8a3d7e0eada8b796d5a0eae9fd4,-1679.7518040203431,cuda,2,False,native-DjCas13d-9M33,-2.239669072027124,9M33,9.390223285652006,750,DjCas13d,ternary_tr1
be4ba36edec22a9bfaa4946ff6b2815f1f19d8a3d7e0eada8b796d5a0eae9fd4,-1683.5775116095901,cuda,2,False,native-DjCas13d-9M34,-2.2447700154794537,9M34,9.438244656661087,750,DjCas13d,ternary_tr2
be4ba36edec22a9bfaa4946ff6b2815f1f19d8a3d7e0eada8b796d5a0eae9fd4,-2383.354561001943,cuda,2,False,native-CasRx-9M31,-2.5220683185205743,9M31,12.454329562984132,945,CasRx,binary
be4ba36edec22a9bfaa4946ff6b2815f1f19d8a3d7e0eada8b796d5a0eae9fd4,-2160.4061471934547,cuda,2,False,native-CasRx-9M8Q,-2.3898298088423173,9M8Q,10.911636720919319,904,CasRx,ternary
