variant_id,mutation,label,cis_activity,trans_activity,numeric_is_approximate,mutated_positions,mean_mutated_position_conservation,RNA_contact_mutations,RNA_second_shell_mutations,protein_core_mutations,esm_binary_mean_log_probability,esm_ternary_mean_log_probability,esm_binary_delta_vs_wt,esm_ternary_delta_vs_wt,multi_state_mean_score,multi_state_min_score,multi_state_variance,proteinmpnn_mean_nll,proteinmpnn_nll_std,proteinmpnn_decoding_orders,proteinmpnn_delta_nll_vs_wt,ligandmpnn_mean_log_probability,ligandmpnn_scored_positions,ligandmpnn_rna_atomic_context,ligandmpnn_forcing_semantics,ligandmpnn_delta_log_probability_vs_wt,is_mock,evidence_level
N2V7,"I132A,E135A,I137A,I147A",partial,0.26,0.24,True,132;135;137;147,0.5355974663691687,0,2,4,-2.5469581881106786,-2.405307045954692,-0.024889670485410686,-0.015477312399090781,-2.476132617032685,-2.5469581881106786,0.005016261518523874,3.3404168486595154,0.004995758896302181,4,0.0018471479415893555,-1.6373655796051025,945,True,target-only sampling bias; reported score uses raw pre-bias log_probs,-0.011578083038330078,False,2
hfCas13d,"A134V,A140V,A141V,A143V",partial,0.24,0.35,True,134;140;141;143,0.48761056837221206,0,0,4,-2.532651436206321,-2.38758793216103,-0.01058291858105287,0.0022418013945713078,-2.4601196841836757,-2.532651436206321,0.0052608550514745235,3.3358293771743774,0.006169841209245986,4,-0.002740323543548584,-1.63521409034729,945,True,target-only sampling bias; reported score uses raw pre-bias log_probs,-0.009426593780517578,False,2
hpCas13d,"T486A,N641A,R648A",partial,0.68,0.52,True,486;641;648,0.6534613845538215,2,1,1,-2.5283407390608486,-2.393259270342821,-0.006272221435580594,-0.003429536787219689,-2.460800004701835,-2.5283407390608486,0.004561750797754861,3.3390350937843323,0.004950843588575093,4,0.00046539306640625,-1.631056308746338,945,True,target-only sampling bias; reported score uses raw pre-bias log_probs,-0.00526881217956543,False,2
Rx-P1,"K105A,R106A,R251A,R254A,K262A",partial,0.29,0.08,True,105;106;251;254;262,0.26316524919112194,0,0,1,-2.532205925921191,-2.398285054853329,-0.010137408295923134,-0.008455321297727636,-2.46524549038726,-2.532205925921191,0.004483699926893736,3.337261736392975,0.005780065241425991,4,-0.0013079643249511719,-1.6382867097854614,945,True,target-only sampling bias; reported score uses raw pre-bias log_probs,-0.012499213218688965,False,2
Rx-P2,"K741A,K750A,K751A,K755A",cis-retained/trans-reduced,0.51,0.08,True,741;750;751;755,0.31924076012511876,0,0,0,-2.5255117702105148,-2.39001338776806,-0.0034432525852468032,-0.00018365421245869484,-2.4577625789892874,-2.5255117702105148,0.00458995291113043,3.337949752807617,0.005577390087981091,4,-0.0006199479103088379,-1.626265287399292,945,True,target-only sampling bias; reported score uses raw pre-bias log_probs,-0.00047779083251953125,False,2
Rx-P3,"K852A,K860A,R868A,R899A,K902A",inactive,0.13,0.04,True,852;860;868;899;902,0.248965097094058,0,0,2,-2.5272135858916234,-2.3895710368852043,-0.005145068266355413,0.0002586966703970184,-2.4583923113884136,-2.5272135858916234,0.004736367824246116,3.339342415332794,0.003925475026963281,4,0.0007727146148681641,-1.632744550704956,945,True,target-only sampling bias; reported score uses raw pre-bias log_probs,-0.006957054138183594,False,2
Rx-T1,"K72A,N324A,R403A,R950A",not_assayed,,,True,72;324;403;950,0.631951478568642,3,0,1,-2.5282798453220106,-2.389837485536239,-0.006211327696742597,-7.751980637848987e-06,-2.459058665429125,-2.5282798453220106,0.00479157174576324,3.3400973677635193,0.005081334603000537,4,0.0015276670455932617,-1.634331464767456,945,True,target-only sampling bias; reported score uses raw pre-bias log_probs,-0.008543968200683594,False,2
Rx-T2,"K331A,R333A,Y360A,Q638A",partial,0.39,0.13,True,331;333;360;638,0.6743197278911566,2,1,2,-2.531830112742195,-2.3980375495942106,-0.00976159511692698,-0.008207816038609206,-2.464933831168203,-2.531830112742195,0.004475112488426847,3.33919757604599,0.00453124395401327,4,0.0006278753280639648,-1.6393826007843018,945,True,target-only sampling bias; reported score uses raw pre-bias log_probs,-0.013595104217529297,False,2
Rx-T3,"K600A,R648A,K656A,K703A",inactive,0.07,0.06,True,600;648;656;703,0.4908650353345222,1,2,0,-2.525490204675966,-2.3894798703565994,-0.003421687050698008,0.00034986319900198737,-2.4574850375162827,-2.525490204675966,0.004624702760416468,3.339144468307495,0.005342107802260337,4,0.0005747675895690918,-1.6289451122283936,945,True,target-only sampling bias; reported score uses raw pre-bias log_probs,-0.0031576156616210938,False,2
Rx-T4,"N595A,S598A,N599A,Y649A,S706A",active,0.99,0.82,True,595;598;599;649;706,0.6825567086903022,2,3,2,-2.5300536078001232,-2.392693491285655,-0.00798509017485527,-0.002863757730053429,-2.461373549542889,-2.5300536078001232,0.004716950402217087,3.3417145013809204,0.005037468959512112,4,0.0031448006629943848,-1.6422016620635986,945,True,target-only sampling bias; reported score uses raw pre-bias log_probs,-0.016414165496826172,False,2
