method,reference_method,metric,independent_unit,independent_unit_count,paired_mean_difference,bootstrap_ci_lower,bootstrap_ci_upper,bootstrap_replicates,confidence,unadjusted_permutation_p_value,inference_label,benjamini_hochberg_p_value
catalytic_only_fixed_esm_if1,unconstrained_esm_if1,conditional_log_likelihood,seed,2,0.0,0.0,0.0,2000,0.95,1.0,low_power_descriptive,1.0
catalytic_only_fixed_esm_if1,unconstrained_esm_if1,perplexity,seed,2,0.0,0.0,0.0,2000,0.95,1.0,low_power_descriptive,1.0
catalytic_only_fixed_esm_if1,unconstrained_esm_if1,parent_identity,seed,2,0.0,0.0,0.0,2000,0.95,1.0,low_power_descriptive,1.0
catalytic_only_fixed_esm_if1,unconstrained_esm_if1,designed_position_identity,seed,2,0.0,0.0,0.0,2000,0.95,1.0,low_power_descriptive,1.0
catalytic_only_fixed_esm_if1,unconstrained_esm_if1,maximum_atlas_identity,seed,1,0.0,0.0,0.0,2000,0.95,1.0,low_power_descriptive,1.0
catalytic_only_fixed_esm_if1,unconstrained_esm_if1,fixed_position_violations,seed,2,0.0,0.0,0.0,2000,0.95,1.0,low_power_descriptive,1.0
catalytic_only_fixed_esm_if1,unconstrained_esm_if1,low_complexity_failure,seed,2,0.0,0.0,0.0,2000,0.95,1.0,low_power_descriptive,1.0
catalytic_only_fixed_esm_if1,unconstrained_esm_if1,homopolymer_failure,seed,2,0.0,0.0,0.0,2000,0.95,1.0,low_power_descriptive,1.0
catalytic_only_fixed_esm_if1,unconstrained_esm_if1,buried_core_recovery,seed,2,0.0,0.0,0.0,2000,0.95,1.0,low_power_descriptive,1.0
catalytic_only_fixed_esm_if1,unconstrained_esm_if1,rna_interface_recovery,seed,2,0.0,0.0,0.0,2000,0.95,1.0,low_power_descriptive,1.0
catalytic_only_fixed_esm_if1,unconstrained_esm_if1,rna_second_shell_recovery,seed,2,0.0,0.0,0.0,2000,0.95,1.0,low_power_descriptive,1.0
catalytic_only_fixed_esm_if1,unconstrained_esm_if1,hepn_region_recovery,seed,2,0.0,0.0,0.0,2000,0.95,1.0,low_power_descriptive,1.0
catalytic_only_fixed_esm_if1,unconstrained_esm_if1,model_agreement,seed,2,0.0,0.0,0.0,2000,0.95,1.0,low_power_descriptive,1.0
catalytic_only_fixed_esm_if1,unconstrained_esm_if1,candidate_diversity,seed,2,0.0,0.0,0.0,2000,0.95,1.0,low_power_descriptive,1.0
conservation_constrained_esm_if1,unconstrained_esm_if1,conditional_log_likelihood,seed,2,64.91433487489121,37.803710690292064,92.02495905949036,2000,0.95,0.5,low_power_descriptive,1.0
conservation_constrained_esm_if1,unconstrained_esm_if1,perplexity,seed,2,-0.5546240289056268,-0.7734963452545038,-0.33575171255674974,2000,0.95,0.5,low_power_descriptive,1.0
conservation_constrained_esm_if1,unconstrained_esm_if1,parent_identity,seed,2,0.02604166666666667,0.018518518518518517,0.033564814814814825,2000,0.95,0.5,low_power_descriptive,1.0
conservation_constrained_esm_if1,unconstrained_esm_if1,designed_position_identity,seed,2,0.026162790697674423,0.018604651162790697,0.03372093023255815,2000,0.95,0.5,low_power_descriptive,1.0
conservation_constrained_esm_if1,unconstrained_esm_if1,maximum_atlas_identity,seed,1,0.006000000000000005,0.006000000000000005,0.006000000000000005,2000,0.95,1.0,low_power_descriptive,1.0
conservation_constrained_esm_if1,unconstrained_esm_if1,fixed_position_violations,seed,2,0.0,0.0,0.0,2000,0.95,1.0,low_power_descriptive,1.0
conservation_constrained_esm_if1,unconstrained_esm_if1,low_complexity_failure,seed,2,0.0,0.0,0.0,2000,0.95,1.0,low_power_descriptive,1.0
conservation_constrained_esm_if1,unconstrained_esm_if1,homopolymer_failure,seed,2,0.0,0.0,0.0,2000,0.95,1.0,low_power_descriptive,1.0
conservation_constrained_esm_if1,unconstrained_esm_if1,buried_core_recovery,seed,2,0.039525691699604765,0.01976284584980237,0.05928853754940716,2000,0.95,0.5,low_power_descriptive,1.0
conservation_constrained_esm_if1,unconstrained_esm_if1,rna_interface_recovery,seed,2,0.1328125,0.1328125,0.1328125,2000,0.95,0.5,low_power_descriptive,1.0
conservation_constrained_esm_if1,unconstrained_esm_if1,rna_second_shell_recovery,seed,2,0.0222222222222222,0.007407407407407363,0.037037037037037035,2000,0.95,0.5,low_power_descriptive,1.0
conservation_constrained_esm_if1,unconstrained_esm_if1,hepn_region_recovery,seed,2,0.0,0.0,0.0,2000,0.95,1.0,low_power_descriptive,1.0
conservation_constrained_esm_if1,unconstrained_esm_if1,model_agreement,seed,2,-0.023148148148148223,-0.3287037037037038,0.28240740740740733,2000,0.95,1.0,low_power_descriptive,1.0
conservation_constrained_esm_if1,unconstrained_esm_if1,candidate_diversity,seed,2,-0.07754629629629628,-0.07754629629629628,-0.07754629629629628,2000,0.95,0.5,low_power_descriptive,1.0
conservation_rna_contact_esm_if1,unconstrained_esm_if1,conditional_log_likelihood,seed,2,58.27492653700756,39.86469193542143,76.68516113859368,2000,0.95,0.5,low_power_descriptive,1.0
conservation_rna_contact_esm_if1,unconstrained_esm_if1,perplexity,seed,2,-0.5019258537990758,-0.650214366795459,-0.3536373408026927,2000,0.95,0.5,low_power_descriptive,1.0
conservation_rna_contact_esm_if1,unconstrained_esm_if1,parent_identity,seed,2,0.04918981481481481,0.04398148148148148,0.05439814814814814,2000,0.95,0.5,low_power_descriptive,1.0
conservation_rna_contact_esm_if1,unconstrained_esm_if1,designed_position_identity,seed,2,0.04941860465116278,0.044186046511627886,0.05465116279069768,2000,0.95,0.5,low_power_descriptive,1.0
conservation_rna_contact_esm_if1,unconstrained_esm_if1,maximum_atlas_identity,seed,1,0.017000000000000015,0.017000000000000015,0.017000000000000015,2000,0.95,1.0,low_power_descriptive,1.0
conservation_rna_contact_esm_if1,unconstrained_esm_if1,fixed_position_violations,seed,2,0.0,0.0,0.0,2000,0.95,1.0,low_power_descriptive,1.0
conservation_rna_contact_esm_if1,unconstrained_esm_if1,low_complexity_failure,seed,2,0.5,0.0,1.0,2000,0.95,1.0,low_power_descriptive,1.0
conservation_rna_contact_esm_if1,unconstrained_esm_if1,homopolymer_failure,seed,2,0.0,0.0,0.0,2000,0.95,1.0,low_power_descriptive,1.0
conservation_rna_contact_esm_if1,unconstrained_esm_if1,buried_core_recovery,seed,2,0.07312252964426877,0.05335968379446637,0.09288537549407117,2000,0.95,0.5,low_power_descriptive,1.0
conservation_rna_contact_esm_if1,unconstrained_esm_if1,rna_interface_recovery,seed,2,0.3125,0.3046875,0.3203125,2000,0.95,0.5,low_power_descriptive,1.0
conservation_rna_contact_esm_if1,unconstrained_esm_if1,rna_second_shell_recovery,seed,2,0.029629629629629617,0.0222222222222222,0.037037037037037035,2000,0.95,0.5,low_power_descriptive,1.0
conservation_rna_contact_esm_if1,unconstrained_esm_if1,hepn_region_recovery,seed,2,0.0,0.0,0.0,2000,0.95,1.0,low_power_descriptive,1.0
conservation_rna_contact_esm_if1,unconstrained_esm_if1,model_agreement,seed,2,-0.027777777777777818,-0.32754629629629634,0.2719907407407407,2000,0.95,1.0,low_power_descriptive,1.0
conservation_rna_contact_esm_if1,unconstrained_esm_if1,candidate_diversity,seed,2,-0.09722222222222221,-0.09722222222222221,-0.09722222222222221,2000,0.95,0.5,low_power_descriptive,1.0
esm_if1_ligandmpnn_consensus,unconstrained_esm_if1,conditional_log_likelihood,seed,2,62.48498387381551,45.00180308561539,79.96816466201562,2000,0.95,0.5,low_power_descriptive,1.0
esm_if1_ligandmpnn_consensus,unconstrained_esm_if1,perplexity,seed,2,-0.5374082133172271,-0.6767834195373519,-0.3980330070971023,2000,0.95,0.5,low_power_descriptive,1.0
esm_if1_ligandmpnn_consensus,unconstrained_esm_if1,parent_identity,seed,2,0.012152777777777776,0.0046296296296296224,0.01967592592592593,2000,0.95,0.5,low_power_descriptive,1.0
esm_if1_ligandmpnn_consensus,unconstrained_esm_if1,designed_position_identity,seed,2,0.012209302325581414,0.004651162790697688,0.01976744186046514,2000,0.95,0.5,low_power_descriptive,1.0
esm_if1_ligandmpnn_consensus,unconstrained_esm_if1,maximum_atlas_identity,seed,1,-0.010999999999999954,-0.010999999999999954,-0.010999999999999954,2000,0.95,1.0,low_power_descriptive,1.0
esm_if1_ligandmpnn_consensus,unconstrained_esm_if1,fixed_position_violations,seed,2,0.0,0.0,0.0,2000,0.95,1.0,low_power_descriptive,1.0
esm_if1_ligandmpnn_consensus,unconstrained_esm_if1,low_complexity_failure,seed,2,0.0,0.0,0.0,2000,0.95,1.0,low_power_descriptive,1.0
esm_if1_ligandmpnn_consensus,unconstrained_esm_if1,homopolymer_failure,seed,2,0.0,0.0,0.0,2000,0.95,1.0,low_power_descriptive,1.0
esm_if1_ligandmpnn_consensus,unconstrained_esm_if1,buried_core_recovery,seed,2,0.055335968379446654,0.03952569169960474,0.07114624505928857,2000,0.95,0.5,low_power_descriptive,1.0
esm_if1_ligandmpnn_consensus,unconstrained_esm_if1,rna_interface_recovery,seed,2,0.0546875,0.046875,0.0625,2000,0.95,0.5,low_power_descriptive,1.0
esm_if1_ligandmpnn_consensus,unconstrained_esm_if1,rna_second_shell_recovery,seed,2,-0.02962962962962963,-0.04444444444444445,-0.014814814814814808,2000,0.95,0.5,low_power_descriptive,1.0
esm_if1_ligandmpnn_consensus,unconstrained_esm_if1,hepn_region_recovery,seed,2,0.0,0.0,0.0,2000,0.95,1.0,low_power_descriptive,1.0
esm_if1_ligandmpnn_consensus,unconstrained_esm_if1,model_agreement,seed,2,0.5804398148148148,0.4004629629629629,0.7604166666666666,2000,0.95,0.5,low_power_descriptive,1.0
esm_if1_ligandmpnn_consensus,unconstrained_esm_if1,candidate_diversity,seed,2,-0.14583333333333326,-0.14583333333333326,-0.14583333333333326,2000,0.95,0.5,low_power_descriptive,1.0
ligandmpnn,unconstrained_esm_if1,conditional_log_likelihood,seed,2,-465.58791634043155,-499.9591498640657,-431.2166828167974,2000,0.95,0.5,low_power_descriptive,1.0
ligandmpnn,unconstrained_esm_if1,perplexity,seed,2,5.550432055125375,4.95503008978008,6.14583402047067,2000,0.95,0.5,low_power_descriptive,1.0
ligandmpnn,unconstrained_esm_if1,parent_identity,seed,2,0.02025462962962961,0.019675925925925902,0.020833333333333315,2000,0.95,0.5,low_power_descriptive,1.0
ligandmpnn,unconstrained_esm_if1,designed_position_identity,seed,2,0.020348837209302348,0.01976744186046514,0.020930232558139555,2000,0.95,0.5,low_power_descriptive,1.0
ligandmpnn,unconstrained_esm_if1,maximum_atlas_identity,seed,1,-0.014999999999999958,-0.014999999999999958,-0.014999999999999958,2000,0.95,1.0,low_power_descriptive,1.0
ligandmpnn,unconstrained_esm_if1,fixed_position_violations,seed,2,0.0,0.0,0.0,2000,0.95,1.0,low_power_descriptive,1.0
ligandmpnn,unconstrained_esm_if1,low_complexity_failure,seed,2,0.0,0.0,0.0,2000,0.95,1.0,low_power_descriptive,1.0
ligandmpnn,unconstrained_esm_if1,homopolymer_failure,seed,2,0.0,0.0,0.0,2000,0.95,1.0,low_power_descriptive,1.0
ligandmpnn,unconstrained_esm_if1,buried_core_recovery,seed,2,0.035573122529644285,0.01976284584980237,0.0513833992094862,2000,0.95,0.5,low_power_descriptive,1.0
ligandmpnn,unconstrained_esm_if1,rna_interface_recovery,seed,2,0.05078125,0.0390625,0.0625,2000,0.95,0.5,low_power_descriptive,1.0
ligandmpnn,unconstrained_esm_if1,rna_second_shell_recovery,seed,2,-0.01851851851851853,-0.05185185185185187,0.014814814814814808,2000,0.95,1.0,low_power_descriptive,1.0
ligandmpnn,unconstrained_esm_if1,hepn_region_recovery,seed,2,0.0,0.0,0.0,2000,0.95,1.0,low_power_descriptive,1.0
ligandmpnn,unconstrained_esm_if1,model_agreement,seed,2,0.18807870370370366,-0.00810185185185186,0.3842592592592592,2000,0.95,1.0,low_power_descriptive,1.0
ligandmpnn,unconstrained_esm_if1,candidate_diversity,seed,2,-0.0219907407407407,-0.0219907407407407,-0.0219907407407407,2000,0.95,0.5,low_power_descriptive,1.0
matched_random_mutation,unconstrained_esm_if1,conditional_log_likelihood,seed,2,-1395.9025470810593,-1428.413133363647,-1363.3919607984717,2000,0.95,0.5,low_power_descriptive,1.0
matched_random_mutation,unconstrained_esm_if1,perplexity,seed,2,31.247399626420034,30.157075202688805,32.33772405015126,2000,0.95,0.5,low_power_descriptive,1.0
matched_random_mutation,unconstrained_esm_if1,parent_identity,seed,2,0.009837962962962951,0.005787037037037007,0.013888888888888895,2000,0.95,0.5,low_power_descriptive,1.0
matched_random_mutation,unconstrained_esm_if1,designed_position_identity,seed,2,0.00988372093023257,0.005813953488372103,0.013953488372093037,2000,0.95,0.5,low_power_descriptive,1.0
matched_random_mutation,unconstrained_esm_if1,maximum_atlas_identity,seed,1,-0.032999999999999974,-0.032999999999999974,-0.032999999999999974,2000,0.95,1.0,low_power_descriptive,1.0
matched_random_mutation,unconstrained_esm_if1,fixed_position_violations,seed,2,0.0,0.0,0.0,2000,0.95,1.0,low_power_descriptive,1.0
matched_random_mutation,unconstrained_esm_if1,low_complexity_failure,seed,2,0.0,0.0,0.0,2000,0.95,1.0,low_power_descriptive,1.0
matched_random_mutation,unconstrained_esm_if1,homopolymer_failure,seed,2,0.0,0.0,0.0,2000,0.95,1.0,low_power_descriptive,1.0
matched_random_mutation,unconstrained_esm_if1,buried_core_recovery,seed,2,-0.05138339920948616,-0.06521739130434781,-0.03754940711462451,2000,0.95,0.5,low_power_descriptive,1.0
matched_random_mutation,unconstrained_esm_if1,rna_interface_recovery,seed,2,0.01953125,-0.0078125,0.046875,2000,0.95,1.0,low_power_descriptive,1.0
matched_random_mutation,unconstrained_esm_if1,rna_second_shell_recovery,seed,2,0.0111111111111111,-0.007407407407407418,0.029629629629629617,2000,0.95,1.0,low_power_descriptive,1.0
matched_random_mutation,unconstrained_esm_if1,hepn_region_recovery,seed,2,0.0,0.0,0.0,2000,0.95,1.0,low_power_descriptive,1.0
matched_random_mutation,unconstrained_esm_if1,model_agreement,seed,2,-0.322337962962963,-0.494212962962963,-0.15046296296296297,2000,0.95,0.5,low_power_descriptive,1.0
matched_random_mutation,unconstrained_esm_if1,candidate_diversity,seed,2,0.12384259259259256,0.12384259259259256,0.12384259259259256,2000,0.95,0.5,low_power_descriptive,1.0
msa_profile_sampling,unconstrained_esm_if1,conditional_log_likelihood,seed,2,-964.6975052824419,-990.0926939226338,-939.3023166422499,2000,0.95,0.5,low_power_descriptive,1.0
msa_profile_sampling,unconstrained_esm_if1,perplexity,seed,2,15.921014143026122,15.417325002056014,16.42470328399623,2000,0.95,0.5,low_power_descriptive,1.0
msa_profile_sampling,unconstrained_esm_if1,parent_identity,seed,2,0.006944444444444434,-0.0034722222222222376,0.017361111111111105,2000,0.95,1.0,low_power_descriptive,1.0
msa_profile_sampling,unconstrained_esm_if1,designed_position_identity,seed,2,0.0069767441860465185,-0.0034883720930232454,0.017441860465116282,2000,0.95,1.0,low_power_descriptive,1.0
msa_profile_sampling,unconstrained_esm_if1,maximum_atlas_identity,seed,1,-0.014999999999999958,-0.014999999999999958,-0.014999999999999958,2000,0.95,1.0,low_power_descriptive,1.0
msa_profile_sampling,unconstrained_esm_if1,fixed_position_violations,seed,2,0.0,0.0,0.0,2000,0.95,1.0,low_power_descriptive,1.0
msa_profile_sampling,unconstrained_esm_if1,low_complexity_failure,seed,2,0.0,0.0,0.0,2000,0.95,1.0,low_power_descriptive,1.0
msa_profile_sampling,unconstrained_esm_if1,homopolymer_failure,seed,2,0.0,0.0,0.0,2000,0.95,1.0,low_power_descriptive,1.0
msa_profile_sampling,unconstrained_esm_if1,buried_core_recovery,seed,2,0.015810276679841917,0.009881422924901184,0.02173913043478265,2000,0.95,0.5,low_power_descriptive,1.0
msa_profile_sampling,unconstrained_esm_if1,rna_interface_recovery,seed,2,0.21875,0.203125,0.234375,2000,0.95,0.5,low_power_descriptive,1.0
msa_profile_sampling,unconstrained_esm_if1,rna_second_shell_recovery,seed,2,0.04444444444444445,0.037037037037037035,0.05185185185185187,2000,0.95,0.5,low_power_descriptive,1.0
msa_profile_sampling,unconstrained_esm_if1,hepn_region_recovery,seed,2,0.0,0.0,0.0,2000,0.95,1.0,low_power_descriptive,1.0
msa_profile_sampling,unconstrained_esm_if1,model_agreement,seed,2,-0.2731481481481482,-0.45486111111111116,-0.0914351851851852,2000,0.95,0.5,low_power_descriptive,1.0
msa_profile_sampling,unconstrained_esm_if1,candidate_diversity,seed,2,0.04629629629629628,0.04629629629629628,0.04629629629629628,2000,0.95,0.5,low_power_descriptive,1.0
proteinmpnn,unconstrained_esm_if1,conditional_log_likelihood,seed,2,-527.297866996727,-546.2644395946409,-508.33129439881304,2000,0.95,0.5,low_power_descriptive,1.0
proteinmpnn,unconstrained_esm_if1,perplexity,seed,2,6.524164857031297,6.1323409969672555,6.915988717095339,2000,0.95,0.5,low_power_descriptive,1.0
proteinmpnn,unconstrained_esm_if1,parent_identity,seed,2,-0.0034722222222222238,-0.0034722222222222376,-0.00347222222222221,2000,0.95,0.5,low_power_descriptive,1.0
proteinmpnn,unconstrained_esm_if1,designed_position_identity,seed,2,-0.0034883720930232454,-0.0034883720930232454,-0.0034883720930232454,2000,0.95,0.5,low_power_descriptive,1.0
proteinmpnn,unconstrained_esm_if1,maximum_atlas_identity,seed,1,-0.04299999999999998,-0.04299999999999998,-0.04299999999999998,2000,0.95,1.0,low_power_descriptive,1.0
proteinmpnn,unconstrained_esm_if1,fixed_position_violations,seed,2,0.0,0.0,0.0,2000,0.95,1.0,low_power_descriptive,1.0
proteinmpnn,unconstrained_esm_if1,low_complexity_failure,seed,2,0.0,0.0,0.0,2000,0.95,1.0,low_power_descriptive,1.0
proteinmpnn,unconstrained_esm_if1,homopolymer_failure,seed,2,0.0,0.0,0.0,2000,0.95,1.0,low_power_descriptive,1.0
proteinmpnn,unconstrained_esm_if1,buried_core_recovery,seed,2,-0.00790513833992093,-0.009881422924901184,-0.005928853754940677,2000,0.95,0.5,low_power_descriptive,1.0
proteinmpnn,unconstrained_esm_if1,rna_interface_recovery,seed,2,-0.01171875,-0.015625,-0.0078125,2000,0.95,0.5,low_power_descriptive,1.0
proteinmpnn,unconstrained_esm_if1,rna_second_shell_recovery,seed,2,-0.003703703703703723,-0.03703703703703706,0.029629629629629617,2000,0.95,1.0,low_power_descriptive,1.0
proteinmpnn,unconstrained_esm_if1,hepn_region_recovery,seed,2,0.0,0.0,0.0,2000,0.95,1.0,low_power_descriptive,1.0
proteinmpnn,unconstrained_esm_if1,model_agreement,seed,2,-0.1776620370370371,-0.37037037037037046,0.015046296296296308,2000,0.95,1.0,low_power_descriptive,1.0
proteinmpnn,unconstrained_esm_if1,candidate_diversity,seed,2,0.02430555555555558,0.02430555555555558,0.02430555555555558,2000,0.95,0.5,low_power_descriptive,1.0
